tree_name,application,loc,ME,gate_counts,lut
tmp_tree_0,resnet18_cifar10,hl,0.0,47,"[0, 1, 1, 2, 1, 2, 2, 2, 0, 1, 1, 2, 1, 2, 2, 3, 0, 1, 1, 2, 1, 2, 2, 3, 0, 1, 1, 2, 1, 2, 2, 2, 0, 1, 1, 1, 1, 2, 2, 2, 0, 1, 1, 2, 1, 2, 2, 2, 0, 1, 1, 1, 1, 2, 2, 3, 0, 1, 1, 2]"
tmp_tree_1,resnet18_cifar10,hl,-0.10424911729448305,35,"[0, 1, 1, 1, 1, 2, 2, 2, 0, 1, 1, 2, 1, 2, 2, 2, 0, 1, 1, 2, 1, 2, 2, 2, 0, 1, 1, 1, 1, 2, 2, 2, 0, 1, 1, 1, 1, 2, 2, 2, 0, 1, 1, 1, 1, 2, 2, 2, 0, 1, 1, 1, 1, 2, 2, 2, 0, 1, 1, 2]"
tmp_tree_2,resnet18_cifar10,hl,-0.0028558316239472455,37,"[0, 1, 1, 1, 1, 2, 2, 2, 0, 1, 1, 2, 1, 2, 2, 2, 0, 1, 1, 2, 1, 2, 2, 2, 0, 1, 1, 2, 1, 2, 2, 2, 0, 1, 1, 1, 1, 2, 2, 2, 0, 1, 1, 1, 1, 2, 2, 2, 0, 1, 1, 1, 1, 2, 2, 2, 0, 1, 1, 2]"
tmp_tree_3,resnet18_cifar10,hl,-0.00014410855493619638,43,"[0, 1, 1, 2, 1, 2, 2, 2, 0, 1, 1, 2, 1, 2, 2, 2, 0, 1, 1, 2, 1, 2, 2, 3, 0, 1, 1, 2, 1, 2, 2, 2, 0, 1, 1, 1, 1, 2, 2, 2, 0, 1, 1, 1, 1, 2, 2, 2, 0, 1, 1, 1, 1, 2, 2, 3, 0, 1, 1, 2]"
tmp_tree_4,resnet18_cifar10,hl,-0.0024702707150664706,39,"[0, 1, 1, 2, 1, 2, 2, 2, 0, 1, 1, 2, 1, 2, 2, 2, 0, 1, 1, 2, 1, 2, 2, 2, 0, 1, 1, 2, 1, 2, 2, 2, 0, 1, 1, 1, 1, 2, 2, 2, 0, 1, 1, 1, 1, 2, 2, 2, 0, 1, 1, 1, 1, 2, 2, 2, 0, 1, 1, 2]"
tmp_tree_5,resnet18_cifar10,hl,-0.0005296694638169713,41,"[0, 1, 1, 1, 1, 2, 2, 2, 0, 1, 1, 2, 1, 2, 2, 2, 0, 1, 1, 2, 1, 2, 2, 3, 0, 1, 1, 2, 1, 2, 2, 2, 0, 1, 1, 1, 1, 2, 2, 2, 0, 1, 1, 1, 1, 2, 2, 2, 0, 1, 1, 1, 1, 2, 2, 3, 0, 1, 1, 2]"
tmp_tree_6,resnet18_cifar10,hl,0.0,59,"[0, 1, 1, 2, 1, 2, 2, 3, 0, 1, 1, 2, 1, 2, 2, 3, 0, 1, 1, 2, 1, 2, 2, 3, 0, 1, 1, 2, 1, 2, 2, 3, 0, 1, 1, 2, 1, 2, 2, 3, 0, 1, 1, 2, 1, 2, 2, 3, 0, 1, 1, 2, 1, 2, 2, 3, 0, 1, 1, 2]"
